-- Seed gerado automaticamente para o combo X-Tudo (08/10/2025)
-- Usuário responsável pelos dados: a625392e-48cd-40c0-bf50-2a91ad5f288b

INSERT INTO public.user_roles (id, user_id, role)
  VALUES ('e4c7c1c2-333c-549a-b712-8edb20bdca88', 'a625392e-48cd-40c0-bf50-2a91ad5f288b', 'admin')
  ON CONFLICT (user_id, role) DO NOTHING;
INSERT INTO public.produtos (id, user_id, descricao, ncm, unidade_padrao, categoria, cest, codigo_interno, ativo, flag_refeicao, flag_cesta, flag_reducao, flag_is)
  VALUES
    ('857f0387-d685-548f-95ce-75317deb0273', 'a625392e-48cd-40c0-bf50-2a91ad5f288b', 'Pão Brioche de Hambúrguer 60g (cx 40 un)', '1905.90.90', 'un', 'Panificados', '17.059.00', 'XT-PAO-BRIOCHE', true, true, true, false, false),
    ('d168c0f2-f826-5ef3-8550-2d66969d330c', 'a625392e-48cd-40c0-bf50-2a91ad5f288b', 'Blend Bovino 180g Congelado (cx 30 un)', '1602.50.00', 'kg', 'Proteínas', '17.061.00', 'XT-BLEND-180', true, true, false, false, false),
    ('3ea69a1f-6b5c-58aa-8c77-1174325be523', 'a625392e-48cd-40c0-bf50-2a91ad5f288b', 'Bacon Defumado Fatiado 1kg', '0210.12.00', 'kg', 'Proteínas', '17.042.00', 'XT-BACON-1KG', true, true, false, false, false),
    ('fa2e4381-e8f4-5c46-8e70-31689d71acb2', 'a625392e-48cd-40c0-bf50-2a91ad5f288b', 'Presunto Cozido Fatiado 1kg', '1601.00.00', 'kg', 'Proteínas', '17.074.00', 'XT-PRES-1KG', true, true, false, false, false),
    ('0992bf47-98aa-5129-8185-f16bd3f987ff', 'a625392e-48cd-40c0-bf50-2a91ad5f288b', 'Queijo Prato Fatiado 1kg', '0406.90.90', 'kg', 'Laticínios', '17.028.00', 'XT-QUEIJO-PRATO', true, true, true, false, false),
    ('22ecfe9f-5f5d-5baa-b225-6125a1fb9c69', 'a625392e-48cd-40c0-bf50-2a91ad5f288b', 'Ovo Caipira Grande (bandeja 30 un)', '0407.21.00', 'un', 'Granjeiros', '17.045.00', 'XT-OVO-CAIPIRA', true, true, true, true, false),
    ('905a8139-927e-5c9a-9fd1-887bd24c180c', 'a625392e-48cd-40c0-bf50-2a91ad5f288b', 'Alface Americana Higienizada 1kg', '0705.11.00', 'kg', 'Hortifruti', '17.078.00', 'XT-ALFACE-AM', true, true, true, true, false),
    ('9eded1bd-1bf2-5e41-851f-d3594b817587', 'a625392e-48cd-40c0-bf50-2a91ad5f288b', 'Tomate Italiano Extra 1kg', '0702.00.90', 'kg', 'Hortifruti', '17.079.00', 'XT-TOM-ITAL', true, true, true, true, false),
    ('161f015d-afe7-58f9-b225-e52ed5c76ea1', 'a625392e-48cd-40c0-bf50-2a91ad5f288b', 'Milho Verde Enlatado 170g', '2005.80.00', 'un', 'Conservas', '17.105.00', 'XT-MILHO-LATA', true, true, true, false, false),
    ('5fe6173a-9878-5485-9fdf-065c67fbd9ad', 'a625392e-48cd-40c0-bf50-2a91ad5f288b', 'Batata Palha Premium 1kg', '2005.20.00', 'kg', 'Snacks', '17.100.00', 'XT-BATATA-PALHA', true, true, false, false, false),
    ('feb1fceb-a842-5be2-94a1-9fbbc260ac9e', 'a625392e-48cd-40c0-bf50-2a91ad5f288b', 'Maionese Profissional 3kg (balde)', '2103.90.21', 'kg', 'Condimentos', '17.110.00', 'XT-MAIO-3KG', true, true, false, false, false),
    ('de87fa49-39a4-5e1f-812d-05d2eb8ef1d1', 'a625392e-48cd-40c0-bf50-2a91ad5f288b', 'Ketchup Gourmet 1,01L', '2103.20.10', 'l', 'Condimentos', '17.110.00', 'XT-KETCHUP-1L', true, true, false, false, false),
    ('78b650e9-9a4a-5474-9d36-64829f0dbeff', 'a625392e-48cd-40c0-bf50-2a91ad5f288b', 'Mostarda Amarela 1,01L', '2103.30.10', 'l', 'Condimentos', '17.110.00', 'XT-MOSTARDA-1L', true, true, false, false, false),
    ('f74c2c2b-4e51-5614-83da-05bfccdd7aab', 'a625392e-48cd-40c0-bf50-2a91ad5f288b', 'Refrigerante Cola 2L', '2202.10.00', 'l', 'Bebidas', '03.003.00', 'XT-REFRI-COLA', true, true, false, false, true),
    ('58cced60-361d-5f98-8ec4-6be0c4f63fe0', 'a625392e-48cd-40c0-bf50-2a91ad5f288b', 'Sorvete Creme Premium 1,5L', '2105.00.10', 'l', 'Sobremesas', '03.004.00', 'XT-SORVETE-15', true, true, false, false, true);
INSERT INTO public.fornecedores (id, user_id, nome, cnpj, tipo, regime, uf, municipio, ativo, contato_nome, contato_email, contato_telefone)
  VALUES
    ('e98e95cb-e603-5f4c-872e-7568dcc59251', 'a625392e-48cd-40c0-bf50-2a91ad5f288b', 'Padaria Industrial Aurora', '04.512.879/0001-65', 'industria', 'normal', 'SP', '3509502', true, 'Marina Alves', 'marina@aurorapanificados.com.br', '(19) 3322-8700'),
    ('220ab59a-03d8-5b5d-a31e-dce7a77ff79f', 'a625392e-48cd-40c0-bf50-2a91ad5f288b', 'Distribuidora Bom Pão', '12.345.908/0001-02', 'distribuidor', 'presumido', 'RJ', '3304557', true, 'Rogério Nunes', 'rogerio@bompao.com.br', '(21) 2455-4410'),
    ('658bc6c0-07e4-59dc-8bf8-3654bd5e64be', 'a625392e-48cd-40c0-bf50-2a91ad5f288b', 'Cooperativa de Padeiros Paulistas', '28.907.114/0001-48', 'produtor', 'simples', 'SP', '3543402', true, 'Helena Prado', 'helena@coopadaria.org.br', '(16) 3233-6120'),
    ('a49d72e7-c38c-5354-adaf-a2aeb4aba434', 'a625392e-48cd-40c0-bf50-2a91ad5f288b', 'Prime Beef Indústria de Carnes', '03.667.210/0001-11', 'industria', 'normal', 'SP', '3552205', true, 'Leonardo Farias', 'leonardo@primebeef.com.br', '(15) 3022-4400'),
    ('764ed1f8-da57-55f3-82e0-426cd5202f94', 'a625392e-48cd-40c0-bf50-2a91ad5f288b', 'MegaFood Distribuição Fria', '21.908.677/0001-55', 'distribuidor', 'presumido', 'MG', '3118601', true, 'Patrícia Guedes', 'patricia@megafood.com.br', '(31) 3477-9090'),
    ('5abdb9ab-40c5-57cb-b3f0-a2fbddf7a266', 'a625392e-48cd-40c0-bf50-2a91ad5f288b', 'Rancho Goiano Atacado de Carnes', '09.334.820/0001-04', 'atacado', 'simples', 'GO', '5208707', true, 'Eduardo Campos', 'eduardo@ranchogoiano.com.br', '(62) 4012-3000'),
    ('a952f850-c6b0-5bf0-ada5-931bc4a8778d', 'a625392e-48cd-40c0-bf50-2a91ad5f288b', 'Serra Sul Carnes Defumadas', '18.720.990/0001-33', 'industria', 'normal', 'RS', '4314902', true, 'Bianca Martins', 'bianca@serrasul.com.br', '(51) 3344-8877'),
    ('ec169b75-03c1-5dc5-b663-77bac86f7b5f', 'a625392e-48cd-40c0-bf50-2a91ad5f288b', 'Atlantic Proteínas Distribuição', '10.998.200/0001-90', 'distribuidor', 'presumido', 'RJ', '3301702', true, 'Gustavo Pereira', 'gustavo@atlanticproteinas.com', '(21) 3651-5544'),
    ('e8649abe-da88-5640-b050-2edf8a2f6869', 'a625392e-48cd-40c0-bf50-2a91ad5f288b', 'AgroParaná Frios Atacadista', '05.770.642/0001-07', 'atacado', 'simples', 'PR', '4106902', true, 'Tatiane Muller', 'tatiane@agroparana.com.br', '(41) 3771-8800'),
    ('3d984702-fbd6-55fa-877a-cead92146f56', 'a625392e-48cd-40c0-bf50-2a91ad5f288b', 'Vale Presuntos Premium', '14.203.771/0001-43', 'industria', 'normal', 'SP', '3525904', true, 'Rafael Coelho', 'rafael@valepresuntos.com.br', '(15) 3453-2211'),
    ('8d7c16c7-96b0-5124-800d-51ed9eac7c4e', 'a625392e-48cd-40c0-bf50-2a91ad5f288b', 'Rede Frigor BR', '01.998.277/0001-12', 'distribuidor', 'presumido', 'BA', '2927408', true, 'Silvia Lemos', 'silvia@redefrigor.com', '(71) 3021-4770'),
    ('412de5cc-5689-5831-98d5-6c53fc43a7d5', 'a625392e-48cd-40c0-bf50-2a91ad5f288b', 'FrioMinas Atacado', '07.651.884/0001-06', 'atacado', 'simples', 'MG', '3106200', true, 'João Batista', 'joao@friominas.com.br', '(31) 3212-4200'),
    ('fc2bd186-672b-5b57-89b1-f7a39ad656e6', 'a625392e-48cd-40c0-bf50-2a91ad5f288b', 'Latte Brasil Laticínios', '02.770.982/0001-20', 'industria', 'normal', 'SC', '4205407', true, 'Fernanda Lopes', 'fernanda@lattebrasil.com', '(48) 3333-4411'),
    ('df2d2504-0d90-52f5-b2f1-43118def3827', 'a625392e-48cd-40c0-bf50-2a91ad5f288b', 'Serra Lácteos Distribuidora', '13.450.780/0001-58', 'distribuidor', 'presumido', 'PR', '4113700', true, 'Mateus Xavier', 'mateus@serralacteos.com', '(44) 3020-6600'),
    ('0b6611d8-ce47-589c-835d-d708dce77756', 'a625392e-48cd-40c0-bf50-2a91ad5f288b', 'CooperQueijo Artesanal', '19.881.540/0001-09', 'produtor', 'simples', 'MG', '3167202', true, 'Tereza Azevedo', 'tereza@cooperqueijo.coop.br', '(38) 3541-1122'),
    ('484663de-369b-5dbc-bfb4-e3d7da73cb46', 'a625392e-48cd-40c0-bf50-2a91ad5f288b', 'Granja Solar Paulista', '06.871.220/0001-30', 'produtor', 'simples', 'SP', '3522306', true, 'Paula Mendes', 'paula@granjasolar.com.br', '(19) 3933-8800'),
    ('63202a1b-7a71-5cfb-beb3-cb6cd74b1d42', 'a625392e-48cd-40c0-bf50-2a91ad5f288b', 'Ovos Prime Distribuidora', '11.405.332/0001-75', 'distribuidor', 'presumido', 'RJ', '3303302', true, 'Juliana Teles', 'juliana@ovosprime.com', '(21) 2763-5505'),
    ('34bf2acb-71ab-5b3f-acb3-0a6831dbb47e', 'a625392e-48cd-40c0-bf50-2a91ad5f288b', 'AgroSerra Atacado de Granjeiros', '17.100.455/0001-01', 'atacado', 'normal', 'MG', '3127701', true, 'Ricardo Meireles', 'ricardo@agroserra.com.br', '(35) 3821-7788'),
    ('98f9aeaf-7e38-5a20-b7f3-a16fd05d86fe', 'a625392e-48cd-40c0-bf50-2a91ad5f288b', 'Horta Urbana São Paulo', '08.771.466/0001-27', 'produtor', 'simples', 'SP', '3548708', true, 'Michele Costa', 'michele@hortaurbana.com', '(11) 4744-5566'),
    ('6f6d5d98-606a-5ccf-abb5-1a396f06d494', 'a625392e-48cd-40c0-bf50-2a91ad5f288b', 'Verde Vivo Distribuição', '22.104.780/0001-79', 'distribuidor', 'presumido', 'RJ', '3303500', true, 'Flávia Ramalho', 'flavia@verdevivo.com.br', '(21) 3777-9900'),
    ('6433acb2-544b-514f-9a40-b72fab16b593', 'a625392e-48cd-40c0-bf50-2a91ad5f288b', 'CEASA Goiás Atacado', '20.550.443/0001-66', 'atacado', 'normal', 'GO', '5208707', true, 'Cláudio Peixoto', 'claudio@ceasagoias.com.br', '(62) 3622-4455'),
    ('b7db6966-bf17-5edc-85cb-27c99dff9af7', 'a625392e-48cd-40c0-bf50-2a91ad5f288b', 'Fazenda Sol Nascente', '00.888.120/0001-98', 'produtor', 'simples', 'MG', '3170206', true, 'Sérgio Andrade', 'sergio@fazendasol.com', '(34) 3234-7788'),
    ('f62b0c13-66bc-50b6-8f8d-8032d8428687', 'a625392e-48cd-40c0-bf50-2a91ad5f288b', 'Hortifruti Litorânea', '26.550.998/0001-52', 'distribuidor', 'presumido', 'SP', '3550308', true, 'Camila Porto', 'camila@hortilitoranea.com.br', '(11) 3891-2300'),
    ('f45de951-7084-5366-9c07-1e09f76d4335', 'a625392e-48cd-40c0-bf50-2a91ad5f288b', 'CEAGESP Campinas Varejo Pro', '30.441.270/0001-45', 'atacado', 'normal', 'SP', '3509502', true, 'Daniel Fagundes', 'daniel@ceagesp-pro.com.br', '(19) 3746-8899'),
    ('eb81ca7e-6701-5abe-abe5-19a0016bec95', 'a625392e-48cd-40c0-bf50-2a91ad5f288b', 'AgroAmazon Conservas', '05.612.773/0001-01', 'industria', 'normal', 'PA', '1501402', true, 'Lorena Dias', 'lorena@agroamazon.com.br', '(91) 3344-2290'),
    ('55d1457e-1e8f-5ed3-8c1a-c9d5e16a3087', 'a625392e-48cd-40c0-bf50-2a91ad5f288b', 'LataFácil Distribuidora', '24.901.887/0001-73', 'distribuidor', 'presumido', 'SP', '3534401', true, 'Henrique Vidal', 'henrique@latafacil.com.br', '(11) 4799-5500'),
    ('6ca83771-bf5d-5c7d-af5a-2cdb776261ca', 'a625392e-48cd-40c0-bf50-2a91ad5f288b', 'Atacado GO Conservas', '16.332.880/0001-44', 'atacado', 'simples', 'GO', '5211909', true, 'Rita Cunha', 'rita@atacadogo.com.br', '(62) 3311-9090'),
    ('4393b7ee-c22c-54f4-851c-1a20516c7ad2', 'a625392e-48cd-40c0-bf50-2a91ad5f288b', 'Crocante Alimentos Ltda', '03.622.761/0001-06', 'industria', 'normal', 'PR', '4119151', true, 'Rodrigo Paiva', 'rodrigo@crocante.com.br', '(41) 3666-4455'),
    ('a7ff8105-e3a4-54e6-8278-c3fdd66b274b', 'a625392e-48cd-40c0-bf50-2a91ad5f288b', 'Snack Master Distribuidora', '12.540.223/0001-64', 'distribuidor', 'presumido', 'SP', '3548708', true, 'Aline Rocha', 'aline@snackmaster.com.br', '(11) 4748-3344'),
    ('82a447ce-16a3-5492-87a7-6fa455a60003', 'a625392e-48cd-40c0-bf50-2a91ad5f288b', 'Empório Festa Varejista', '27.917.502/0001-88', 'varejo', 'simples', 'RJ', '3300456', true, 'Carolina Prado', 'carolina@emporiofesta.com.br', '(21) 2605-7711'),
    ('ef442cdf-4677-5816-ab91-7863c611e107', 'a625392e-48cd-40c0-bf50-2a91ad5f288b', 'Condini Indústria de Molhos', '15.228.900/0001-05', 'industria', 'normal', 'SP', '3526902', true, 'Viviane Ramos', 'viviane@condini.com.br', '(11) 4789-3200'),
    ('b747de16-f96c-5708-953d-abc502bacdaf', 'a625392e-48cd-40c0-bf50-2a91ad5f288b', 'FoodService BR Distribuição', '18.775.604/0001-41', 'distribuidor', 'presumido', 'MG', '3132404', true, 'Nelson Diniz', 'nelson@foodservicebr.com', '(31) 3689-6500'),
    ('ba2ab29c-15e6-5742-bfbd-8dc4fb8a127a', 'a625392e-48cd-40c0-bf50-2a91ad5f288b', 'Atacarejo Sabor Nordeste', '29.677.880/0001-54', 'atacado', 'simples', 'PE', '2611606', true, 'Ítalo Moura', 'italo@atacarejosabor.com.br', '(81) 4042-7788'),
    ('5327cae4-4913-56f5-a668-887ffb78e958', 'a625392e-48cd-40c0-bf50-2a91ad5f288b', 'Molhos Legend Indústria', '00.455.712/0001-61', 'industria', 'normal', 'SP', '3505708', true, 'Andréia Teixeira', 'andreia@molhoslegend.com.br', '(11) 4199-4400'),
    ('1bef7d0c-dbc5-5667-8545-9f8399c5c8ed', 'a625392e-48cd-40c0-bf50-2a91ad5f288b', 'Condistrib Molhos & Serviços', '04.990.337/0001-19', 'distribuidor', 'presumido', 'RS', '4314902', true, 'Felipe Moraes', 'felipe@condistrib.com.br', '(51) 3301-2200'),
    ('60e85d43-a4e2-5b2a-a734-4c049d08dd1d', 'a625392e-48cd-40c0-bf50-2a91ad5f288b', 'Varejão Norte Express', '09.450.882/0001-91', 'varejo', 'simples', 'AM', '1302603', true, 'Maicon Almeida', 'maicon@varejaonorte.com', '(92) 3311-7755'),
    ('147ff690-96be-51ce-bb18-fa7973a9a49c', 'a625392e-48cd-40c0-bf50-2a91ad5f288b', 'Mostardas Real Indústria', '08.234.655/0001-88', 'industria', 'normal', 'RJ', '3303500', true, 'Rodrigo Sales', 'rodrigo@mostardasreal.com.br', '(21) 3755-4400'),
    ('fc1449d7-6344-56f4-be94-f486c642f9a3', 'a625392e-48cd-40c0-bf50-2a91ad5f288b', 'Gourmet Condimentos Distribuidora', '19.887.301/0001-46', 'distribuidor', 'presumido', 'RS', '4320008', true, 'Silmara Dutra', 'silmara@gourmetcondimentos.com', '(55) 3027-1199'),
    ('eb862e28-5795-5d98-80ca-1df9dbfde483', 'a625392e-48cd-40c0-bf50-2a91ad5f288b', 'Varejão Centro Oeste', '13.411.778/0001-23', 'varejo', 'simples', 'SP', '3503208', true, 'Bruna Watanabe', 'bruna@varejaocentro.com.br', '(18) 3621-7070'),
    ('d08e2911-64c6-530a-9c81-d07da8cddfa1', 'a625392e-48cd-40c0-bf50-2a91ad5f288b', 'Bebidas Top Brasil', '02.330.900/0001-31', 'industria', 'normal', 'SP', '3529401', true, 'Marcelo Azevedo', 'marcelo@bebidastop.com.br', '(19) 3704-8899'),
    ('a48cab57-bbf2-5a5f-a3f2-879a9132545f', 'a625392e-48cd-40c0-bf50-2a91ad5f288b', 'SuperRefri Distribuidora', '06.880.733/0001-47', 'distribuidor', 'presumido', 'DF', '5300108', true, 'Patrícia Borges', 'patricia@superrefri.com.br', '(61) 3550-2290'),
    ('5718627f-743d-5785-93ff-c207401f1055', 'a625392e-48cd-40c0-bf50-2a91ad5f288b', 'Atacarejo Pop Bebidas', '21.440.980/0001-70', 'atacado', 'simples', 'BA', '2927408', true, 'Renata Guimarães', 'renata@atacarejopop.com.br', '(71) 4009-6600'),
    ('24f9f226-5822-5750-805c-4eb2cfac71bd', 'a625392e-48cd-40c0-bf50-2a91ad5f288b', 'Gelato Brasil Indústria', '03.210.455/0001-02', 'industria', 'normal', 'SP', '3550308', true, 'Helder Fonseca', 'helder@gelatobrasil.com.br', '(11) 3222-9900'),
    ('f781a8b0-c8ff-5a4a-9e8f-583deb24f9c5', 'a625392e-48cd-40c0-bf50-2a91ad5f288b', 'FriosNorte Distribuições', '09.688.410/0001-69', 'distribuidor', 'presumido', 'CE', '2304400', true, 'Larissa Campos', 'larissa@friosnorte.com.br', '(85) 3233-7700'),
    ('16a637c6-58e4-5827-8125-50dddc9eddfe', 'a625392e-48cd-40c0-bf50-2a91ad5f288b', 'Atacado Nevado Frio & Logística', '12.440.003/0001-10', 'atacado', 'simples', 'PR', '4106902', true, 'Sandro Klos', 'sandro@atacadonedevado.com.br', '(41) 3770-1122');
INSERT INTO public.cotacoes (id, user_id, nome, data_cotacao, uf, municipio, destino, regime, produto, scenario)
  VALUES ('07e30f90-af5a-5e83-bd12-226366c57ee4', 'a625392e-48cd-40c0-bf50-2a91ad5f288b', 'Cotação Combo X-Tudo Outubro 2025', '2025-10-08', 'SP', '3550308', 'B', 'normal', 'Combo X-Tudo completo', 'transicao');
INSERT INTO public.cotacao_fornecedores (id, cotacao_id, fornecedor_id, nome, cnpj, tipo, regime, uf, municipio, produto_id, produto_descricao, unidade_negociada, pedido_minimo, prazo_entrega_dias, prazo_pagamento_dias, preco, ibs, cbs, is_aliquota, frete, cadeia, flags_item, is_refeicao_pronta, ativo, contato_nome, contato_email, contato_telefone)
  VALUES
    ('7e9c854c-f503-546b-8889-814a8b5c683a', '07e30f90-af5a-5e83-bd12-226366c57ee4', 'e98e95cb-e603-5f4c-872e-7568dcc59251', 'Padaria Industrial Aurora', '04.512.879/0001-65', 'industria', 'normal', 'SP', '3509502', '857f0387-d685-548f-95ce-75317deb0273', 'Pão Brioche de Hambúrguer 60g (cx 40 un)', 'un', 80.00, 3, 21, 58.40, 4.85, 2.10, 0.00, 6.50, '["Moinho Regional", "Panificação Industrial", "Distribuidor Regional", "Rede de Lanchonetes"]', '{"cesta": true, "reducao": false, "ncm": "1905.90.90"}', false, true, 'Marina Alves', 'marina@aurorapanificados.com.br', '(19) 3322-8700'),
    ('f86c7076-b58d-5244-915e-eec1c6a4c76a', '07e30f90-af5a-5e83-bd12-226366c57ee4', '220ab59a-03d8-5b5d-a31e-dce7a77ff79f', 'Distribuidora Bom Pão', '12.345.908/0001-02', 'distribuidor', 'presumido', 'RJ', '3304557', '857f0387-d685-548f-95ce-75317deb0273', 'Pão Brioche de Hambúrguer 60g (cx 40 un)', 'un', 60.00, 5, 28, 62.30, 5.20, 2.40, 0.00, 9.80, '["Panificação Regional", "Centro de Distribuição", "Atacado Food Service", "Rede de Lanchonetes"]', '{"cesta": true, "reducao": false, "ncm": "1905.90.90"}', false, true, 'Rogério Nunes', 'rogerio@bompao.com.br', '(21) 2455-4410'),
    ('74f938db-fbee-5580-8aa2-f2fc44495bcd', '07e30f90-af5a-5e83-bd12-226366c57ee4', '658bc6c0-07e4-59dc-8bf8-3654bd5e64be', 'Cooperativa de Padeiros Paulistas', '28.907.114/0001-48', 'produtor', 'simples', 'SP', '3543402', '857f0387-d685-548f-95ce-75317deb0273', 'Pão Brioche de Hambúrguer 60g (cx 40 un)', 'un', 100.00, 6, 14, 54.70, 3.50, 1.20, 0.00, 12.40, '["Cooperados Agrícolas", "Panificadora Comunitária", "Central de Distribuição", "Rede de Hamburguerias"]', '{"cesta": true, "reducao": true, "ncm": "1905.90.90"}', false, true, 'Helena Prado', 'helena@coopadaria.org.br', '(16) 3233-6120'),
    ('a24deae7-39dc-5f0b-a8a9-d731c5473638', '07e30f90-af5a-5e83-bd12-226366c57ee4', 'a49d72e7-c38c-5354-adaf-a2aeb4aba434', 'Prime Beef Indústria de Carnes', '03.667.210/0001-11', 'industria', 'normal', 'SP', '3552205', 'd168c0f2-f826-5ef3-8550-2d66969d330c', 'Blend Bovino 180g Congelado (cx 30 un)', 'kg', 54.00, 4, 28, 49.80, 7.20, 3.30, 0.00, 14.50, '["Frigorífico", "Processamento", "Distribuidor Refrigerado", "Rede de Hamburguerias"]', '{"cesta": false, "reducao": false, "ncm": "1602.50.00"}', false, true, 'Leonardo Farias', 'leonardo@primebeef.com.br', '(15) 3022-4400'),
    ('ff6300fe-b9b4-5420-bd5e-4d380bd6801e', '07e30f90-af5a-5e83-bd12-226366c57ee4', '764ed1f8-da57-55f3-82e0-426cd5202f94', 'MegaFood Distribuição Fria', '21.908.677/0001-55', 'distribuidor', 'presumido', 'MG', '3118601', 'd168c0f2-f826-5ef3-8550-2d66969d330c', 'Blend Bovino 180g Congelado (cx 30 un)', 'kg', 36.00, 5, 21, 52.10, 6.10, 2.90, 0.00, 18.30, '["Frigorífico Regional", "Cross-docking", "Distribuidor Atacado", "Restaurantes e Lanchonetes"]', '{"cesta": false, "reducao": false, "ncm": "1602.50.00"}', false, true, 'Patrícia Guedes', 'patricia@megafood.com.br', '(31) 3477-9090'),
    ('62c5135e-c303-5e34-8311-b0c97f90f832', '07e30f90-af5a-5e83-bd12-226366c57ee4', '5abdb9ab-40c5-57cb-b3f0-a2fbddf7a266', 'Rancho Goiano Atacado de Carnes', '09.334.820/0001-04', 'atacado', 'simples', 'GO', '5208707', 'd168c0f2-f826-5ef3-8550-2d66969d330c', 'Blend Bovino 180g Congelado (cx 30 un)', 'kg', 60.00, 6, 14, 47.30, 2.80, 0.80, 0.00, 21.00, '["Cooperativa Pecuarista", "Processadora Local", "Transporte Frigorificado", "Hamburgueria Final"]', '{"cesta": false, "reducao": true, "ncm": "1602.50.00"}', false, true, 'Eduardo Campos', 'eduardo@ranchogoiano.com.br', '(62) 4012-3000'),
    ('a07025be-6299-5158-9a69-feb9c1412fe3', '07e30f90-af5a-5e83-bd12-226366c57ee4', 'a952f850-c6b0-5bf0-ada5-931bc4a8778d', 'Serra Sul Carnes Defumadas', '18.720.990/0001-33', 'industria', 'normal', 'RS', '4314902', '3ea69a1f-6b5c-58aa-8c77-1174325be523', 'Bacon Defumado Fatiado 1kg', 'kg', 40.00, 5, 28, 39.50, 6.40, 3.10, 0.00, 11.90, '["Frigorífico", "Processamento Defumado", "Distribuidor Frio", "Food Service"]', '{"cesta": false, "reducao": false, "ncm": "0210.12.00"}', false, true, 'Bianca Martins', 'bianca@serrasul.com.br', '(51) 3344-8877'),
    ('dfc32958-e48f-545a-8a07-f4f6d56c6a9e', '07e30f90-af5a-5e83-bd12-226366c57ee4', 'ec169b75-03c1-5dc5-b663-77bac86f7b5f', 'Atlantic Proteínas Distribuição', '10.998.200/0001-90', 'distribuidor', 'presumido', 'RJ', '3301702', '3ea69a1f-6b5c-58aa-8c77-1174325be523', 'Bacon Defumado Fatiado 1kg', 'kg', 30.00, 4, 21, 42.70, 5.80, 2.70, 0.50, 13.40, '["Frigorífico Regional", "Logística Refrigerada", "Distribuidor Estadual", "Lanchonetes"]', '{"cesta": false, "reducao": false, "ncm": "0210.12.00"}', false, true, 'Gustavo Pereira', 'gustavo@atlanticproteinas.com', '(21) 3651-5544'),
    ('10e6c41f-e43d-5351-8137-b65e94644771', '07e30f90-af5a-5e83-bd12-226366c57ee4', 'e8649abe-da88-5640-b050-2edf8a2f6869', 'AgroParaná Frios Atacadista', '05.770.642/0001-07', 'atacado', 'simples', 'PR', '4106902', '3ea69a1f-6b5c-58aa-8c77-1174325be523', 'Bacon Defumado Fatiado 1kg', 'kg', 35.00, 6, 14, 37.80, 2.50, 0.90, 0.00, 9.60, '["Produtores Integrados", "Abatedouro Local", "Atacado Refrigerado", "Rede de Lanchonetes"]', '{"cesta": false, "reducao": true, "ncm": "0210.12.00"}', false, true, 'Tatiane Muller', 'tatiane@agroparana.com.br', '(41) 3771-8800'),
    ('969cb94d-ac80-5c07-9acd-f38dfad37704', '07e30f90-af5a-5e83-bd12-226366c57ee4', '3d984702-fbd6-55fa-877a-cead92146f56', 'Vale Presuntos Premium', '14.203.771/0001-43', 'industria', 'normal', 'SP', '3525904', 'fa2e4381-e8f4-5c46-8e70-31689d71acb2', 'Presunto Cozido Fatiado 1kg', 'kg', 45.00, 4, 28, 32.40, 5.90, 2.60, 0.00, 10.40, '["Frigorífico", "Cozimento e Fatiamento", "Distribuidor Regional", "Rede Food Service"]', '{"cesta": false, "reducao": false, "ncm": "1601.00.00"}', false, true, 'Rafael Coelho', 'rafael@valepresuntos.com.br', '(15) 3453-2211'),
    ('8fd1c9aa-c276-5dc8-b397-f43092b46142', '07e30f90-af5a-5e83-bd12-226366c57ee4', '8d7c16c7-96b0-5124-800d-51ed9eac7c4e', 'Rede Frigor BR', '01.998.277/0001-12', 'distribuidor', 'presumido', 'BA', '2927408', 'fa2e4381-e8f4-5c46-8e70-31689d71acb2', 'Presunto Cozido Fatiado 1kg', 'kg', 36.00, 6, 21, 33.80, 4.60, 2.10, 0.00, 16.30, '["Frigorífico Nordeste", "Distribuidor Estadual", "Atacado Food Service", "Hamburguerias Turísticas"]', '{"cesta": false, "reducao": false, "ncm": "1601.00.00"}', false, true, 'Silvia Lemos', 'silvia@redefrigor.com', '(71) 3021-4770'),
    ('dae0c071-444f-5f54-bb3a-dc139d44438d', '07e30f90-af5a-5e83-bd12-226366c57ee4', '412de5cc-5689-5831-98d5-6c53fc43a7d5', 'FrioMinas Atacado', '07.651.884/0001-06', 'atacado', 'simples', 'MG', '3106200', 'fa2e4381-e8f4-5c46-8e70-31689d71acb2', 'Presunto Cozido Fatiado 1kg', 'kg', 30.00, 5, 14, 30.70, 2.40, 0.80, 0.00, 12.80, '["Cooperativa Suína", "Unidade de Fatiamento", "Atacado Regional", "Lojas Fast Food"]', '{"cesta": false, "reducao": true, "ncm": "1601.00.00"}', false, true, 'João Batista', 'joao@friominas.com.br', '(31) 3212-4200'),
    ('ae3280e0-bba9-5b6e-aeff-d0c0fe6585b9', '07e30f90-af5a-5e83-bd12-226366c57ee4', 'fc2bd186-672b-5b57-89b1-f7a39ad656e6', 'Latte Brasil Laticínios', '02.770.982/0001-20', 'industria', 'normal', 'SC', '4205407', '0992bf47-98aa-5129-8185-f16bd3f987ff', 'Queijo Prato Fatiado 1kg', 'kg', 50.00, 6, 30, 38.90, 4.70, 2.20, 0.00, 15.80, '["Cooperativa Leiteira", "Queijaria", "Distribuidor Frio", "Rede de Hamburguerias"]', '{"cesta": true, "reducao": false, "ncm": "0406.90.90"}', false, true, 'Fernanda Lopes', 'fernanda@lattebrasil.com', '(48) 3333-4411'),
    ('972a3c5e-d03f-5b25-9e80-e00051b7165c', '07e30f90-af5a-5e83-bd12-226366c57ee4', 'df2d2504-0d90-52f5-b2f1-43118def3827', 'Serra Lácteos Distribuidora', '13.450.780/0001-58', 'distribuidor', 'presumido', 'PR', '4113700', '0992bf47-98aa-5129-8185-f16bd3f987ff', 'Queijo Prato Fatiado 1kg', 'kg', 40.00, 5, 21, 36.80, 3.90, 1.80, 0.00, 13.10, '["Queijarias do Sul", "Cross-docking Refrigerado", "Distribuidor Atacado", "Lanchonetes Urbanas"]', '{"cesta": true, "reducao": false, "ncm": "0406.90.90"}', false, true, 'Mateus Xavier', 'mateus@serralacteos.com', '(44) 3020-6600'),
    ('17284e9c-4262-5342-a57f-30cfbef9b4ce', '07e30f90-af5a-5e83-bd12-226366c57ee4', '0b6611d8-ce47-589c-835d-d708dce77756', 'CooperQueijo Artesanal', '19.881.540/0001-09', 'produtor', 'simples', 'MG', '3167202', '0992bf47-98aa-5129-8185-f16bd3f987ff', 'Queijo Prato Fatiado 1kg', 'kg', 32.00, 7, 14, 34.60, 2.40, 0.90, 0.00, 18.50, '["Produtores Rurais", "Maturação Artesanal", "Transportador Refrigerado", "Rede Gourmet"]', '{"cesta": true, "reducao": true, "ncm": "0406.90.90"}', false, true, 'Tereza Azevedo', 'tereza@cooperqueijo.coop.br', '(38) 3541-1122'),
    ('e2ff0667-20c6-54c1-8c47-4c09cc9e53a0', '07e30f90-af5a-5e83-bd12-226366c57ee4', '484663de-369b-5dbc-bfb4-e3d7da73cb46', 'Granja Solar Paulista', '06.871.220/0001-30', 'produtor', 'simples', 'SP', '3522306', '22ecfe9f-5f5d-5baa-b225-6125a1fb9c69', 'Ovo Caipira Grande (bandeja 30 un)', 'un', 120.00, 3, 14, 22.50, 1.90, 0.60, 0.00, 5.80, '["Produção Caipira", "Classificação", "Distribuição Própria", "Rede Local"]', '{"cesta": true, "reducao": true, "ncm": "0407.21.00"}', false, true, 'Paula Mendes', 'paula@granjasolar.com.br', '(19) 3933-8800'),
    ('d3bdd20e-d0f9-5d3d-8310-bf1de6f23b6e', '07e30f90-af5a-5e83-bd12-226366c57ee4', '63202a1b-7a71-5cfb-beb3-cb6cd74b1d42', 'Ovos Prime Distribuidora', '11.405.332/0001-75', 'distribuidor', 'presumido', 'RJ', '3303302', '22ecfe9f-5f5d-5baa-b225-6125a1fb9c69', 'Ovo Caipira Grande (bandeja 30 un)', 'un', 90.00, 4, 21, 24.20, 2.40, 0.80, 0.00, 8.70, '["Granjas Certificadas", "Centro de Classificação", "Distribuidor Food Service", "Hamburguerias Premium"]', '{"cesta": true, "reducao": true, "ncm": "0407.21.00"}', false, true, 'Juliana Teles', 'juliana@ovosprime.com', '(21) 2763-5505'),
    ('619ef8f3-886a-560b-b47c-917dbbd9d851', '07e30f90-af5a-5e83-bd12-226366c57ee4', '34bf2acb-71ab-5b3f-acb3-0a6831dbb47e', 'AgroSerra Atacado de Granjeiros', '17.100.455/0001-01', 'atacado', 'normal', 'MG', '3127701', '22ecfe9f-5f5d-5baa-b225-6125a1fb9c69', 'Ovo Caipira Grande (bandeja 30 un)', 'un', 150.00, 5, 28, 21.40, 1.20, 0.40, 0.00, 12.60, '["Granjas Integradas", "Centro de Distribuição", "Atacado Alimentício", "Rede Popular"]', '{"cesta": true, "reducao": true, "ncm": "0407.21.00"}', false, true, 'Ricardo Meireles', 'ricardo@agroserra.com.br', '(35) 3821-7788'),
    ('e717c6cd-f180-508e-a3a5-560b1fb4d742', '07e30f90-af5a-5e83-bd12-226366c57ee4', '98f9aeaf-7e38-5a20-b7f3-a16fd05d86fe', 'Horta Urbana São Paulo', '08.771.466/0001-27', 'produtor', 'simples', 'SP', '3548708', '905a8139-927e-5c9a-9fd1-887bd24c180c', 'Alface Americana Higienizada 1kg', 'kg', 70.00, 2, 7, 12.80, 0.80, 0.30, 0.00, 4.50, '["Cultivo Controlado", "Processamento Higienizado", "Distribuição Própria", "Lanchonete"]', '{"cesta": true, "reducao": true, "ncm": "0705.11.00"}', false, true, 'Michele Costa', 'michele@hortaurbana.com', '(11) 4744-5566'),
    ('6598e25b-40ef-5f10-8340-c0d9cdd6932d', '07e30f90-af5a-5e83-bd12-226366c57ee4', '6f6d5d98-606a-5ccf-abb5-1a396f06d494', 'Verde Vivo Distribuição', '22.104.780/0001-79', 'distribuidor', 'presumido', 'RJ', '3303500', '905a8139-927e-5c9a-9fd1-887bd24c180c', 'Alface Americana Higienizada 1kg', 'kg', 60.00, 3, 14, 13.90, 1.10, 0.40, 0.00, 7.60, '["Cooperativa Hortícola", "Centro de Distribuição", "Logística Refrigerada", "Rede Fast Food"]', '{"cesta": true, "reducao": true, "ncm": "0705.11.00"}', false, true, 'Flávia Ramalho', 'flavia@verdevivo.com.br', '(21) 3777-9900'),
    ('24ef683d-a7ff-5a33-9c3b-b1683f101604', '07e30f90-af5a-5e83-bd12-226366c57ee4', '6433acb2-544b-514f-9a40-b72fab16b593', 'CEASA Goiás Atacado', '20.550.443/0001-66', 'atacado', 'normal', 'GO', '5208707', '905a8139-927e-5c9a-9fd1-887bd24c180c', 'Alface Americana Higienizada 1kg', 'kg', 80.00, 4, 21, 11.50, 0.50, 0.20, 0.00, 9.20, '["Agricultores Familiares", "Central de Abastecimento", "Transporte Refrigerado", "Rede Popular"]', '{"cesta": true, "reducao": true, "ncm": "0705.11.00"}', false, true, 'Cláudio Peixoto', 'claudio@ceasagoias.com.br', '(62) 3622-4455'),
    ('c72d4bb9-6e2c-5e06-9611-1059a5d82770', '07e30f90-af5a-5e83-bd12-226366c57ee4', 'b7db6966-bf17-5edc-85cb-27c99dff9af7', 'Fazenda Sol Nascente', '00.888.120/0001-98', 'produtor', 'simples', 'MG', '3170206', '9eded1bd-1bf2-5e41-851f-d3594b817587', 'Tomate Italiano Extra 1kg', 'kg', 90.00, 3, 10, 9.80, 0.90, 0.30, 0.00, 6.40, '["Cultivo Protegido", "Classificação", "Distribuição Própria", "Rede de Lanches"]', '{"cesta": true, "reducao": true, "ncm": "0702.00.90"}', false, true, 'Sérgio Andrade', 'sergio@fazendasol.com', '(34) 3234-7788'),
    ('cccca9f8-8c81-58e7-b8be-2f5b2cb21f88', '07e30f90-af5a-5e83-bd12-226366c57ee4', 'f62b0c13-66bc-50b6-8f8d-8032d8428687', 'Hortifruti Litorânea', '26.550.998/0001-52', 'distribuidor', 'presumido', 'SP', '3550308', '9eded1bd-1bf2-5e41-851f-d3594b817587', 'Tomate Italiano Extra 1kg', 'kg', 70.00, 2, 14, 11.20, 1.20, 0.40, 0.00, 8.10, '["Produtores do Sudeste", "Armazenagem Refrigerada", "Distribuidor Regional", "Rede Gourmet"]', '{"cesta": true, "reducao": true, "ncm": "0702.00.90"}', false, true, 'Camila Porto', 'camila@hortilitoranea.com.br', '(11) 3891-2300'),
    ('cefce31f-f790-554b-88c1-4c5eda97f349', '07e30f90-af5a-5e83-bd12-226366c57ee4', 'f45de951-7084-5366-9c07-1e09f76d4335', 'CEAGESP Campinas Varejo Pro', '30.441.270/0001-45', 'atacado', 'normal', 'SP', '3509502', '9eded1bd-1bf2-5e41-851f-d3594b817587', 'Tomate Italiano Extra 1kg', 'kg', 100.00, 3, 21, 8.90, 0.40, 0.10, 0.00, 9.70, '["Produtores Rurais", "Central de Abastecimento", "Transporte Refrigerado", "Rede Popular"]', '{"cesta": true, "reducao": true, "ncm": "0702.00.90"}', false, true, 'Daniel Fagundes', 'daniel@ceagesp-pro.com.br', '(19) 3746-8899'),
    ('c6f34afd-a01e-5bfa-9226-c683e82b1da8', '07e30f90-af5a-5e83-bd12-226366c57ee4', 'eb81ca7e-6701-5abe-abe5-19a0016bec95', 'AgroAmazon Conservas', '05.612.773/0001-01', 'industria', 'normal', 'PA', '1501402', '161f015d-afe7-58f9-b225-e52ed5c76ea1', 'Milho Verde Enlatado 170g', 'un', 240.00, 7, 30, 5.80, 4.50, 2.00, 0.00, 18.60, '["Cultivo Regional", "Processamento e Enlatamento", "Distribuição Rodoviária", "Rede de Food Service"]', '{"cesta": true, "reducao": false, "ncm": "2005.80.00"}', false, true, 'Lorena Dias', 'lorena@agroamazon.com.br', '(91) 3344-2290'),
    ('523d42b4-f763-5861-bdae-d6a294c5fede', '07e30f90-af5a-5e83-bd12-226366c57ee4', '55d1457e-1e8f-5ed3-8c1a-c9d5e16a3087', 'LataFácil Distribuidora', '24.901.887/0001-73', 'distribuidor', 'presumido', 'SP', '3534401', '161f015d-afe7-58f9-b225-e52ed5c76ea1', 'Milho Verde Enlatado 170g', 'un', 180.00, 4, 21, 6.20, 4.80, 2.10, 0.00, 15.20, '["Indústria Parceira", "Centro de Distribuição", "Atacado Alimentício", "Rede de Hamburguerias"]', '{"cesta": true, "reducao": false, "ncm": "2005.80.00"}', false, true, 'Henrique Vidal', 'henrique@latafacil.com.br', '(11) 4799-5500'),
    ('389ad0cf-d536-5dbf-94e6-4c0f1094542a', '07e30f90-af5a-5e83-bd12-226366c57ee4', '6ca83771-bf5d-5c7d-af5a-2cdb776261ca', 'Atacado GO Conservas', '16.332.880/0001-44', 'atacado', 'simples', 'GO', '5211909', '161f015d-afe7-58f9-b225-e52ed5c76ea1', 'Milho Verde Enlatado 170g', 'un', 200.00, 5, 14, 5.40, 3.20, 1.50, 0.00, 17.40, '["Produtores Integrados", "Enlatadora Regional", "Atacado Alimentar", "Food Service Popular"]', '{"cesta": true, "reducao": true, "ncm": "2005.80.00"}', false, true, 'Rita Cunha', 'rita@atacadogo.com.br', '(62) 3311-9090'),
    ('e7f4a9fa-5337-5fb1-a703-e8f3d21e3ed2', '07e30f90-af5a-5e83-bd12-226366c57ee4', '4393b7ee-c22c-54f4-851c-1a20516c7ad2', 'Crocante Alimentos Ltda', '03.622.761/0001-06', 'industria', 'normal', 'PR', '4119151', '5fe6173a-9878-5485-9fdf-065c67fbd9ad', 'Batata Palha Premium 1kg', 'kg', 90.00, 5, 28, 24.90, 5.50, 2.60, 0.00, 13.30, '["Agricultores de Batata", "Processamento Industrial", "Distribuidor Nacional", "Rede Food Service"]', '{"cesta": false, "reducao": false, "ncm": "2005.20.00"}', false, true, 'Rodrigo Paiva', 'rodrigo@crocante.com.br', '(41) 3666-4455'),
    ('a5feae9a-8267-5bdf-88db-280430a341ec', '07e30f90-af5a-5e83-bd12-226366c57ee4', 'a7ff8105-e3a4-54e6-8278-c3fdd66b274b', 'Snack Master Distribuidora', '12.540.223/0001-64', 'distribuidor', 'presumido', 'SP', '3548708', '5fe6173a-9878-5485-9fdf-065c67fbd9ad', 'Batata Palha Premium 1kg', 'kg', 80.00, 4, 21, 26.40, 5.80, 2.90, 0.00, 14.80, '["Indústrias Conveniadas", "Centro de Distribuição", "Atacado Alimentar", "Hamburguerias Urbanas"]', '{"cesta": false, "reducao": false, "ncm": "2005.20.00"}', false, true, 'Aline Rocha', 'aline@snackmaster.com.br', '(11) 4748-3344'),
    ('d1372bb5-0182-5f4b-b39b-a58f24194d26', '07e30f90-af5a-5e83-bd12-226366c57ee4', '82a447ce-16a3-5492-87a7-6fa455a60003', 'Empório Festa Varejista', '27.917.502/0001-88', 'varejo', 'simples', 'RJ', '3300456', '5fe6173a-9878-5485-9fdf-065c67fbd9ad', 'Batata Palha Premium 1kg', 'kg', 50.00, 2, 7, 23.80, 3.60, 1.40, 0.00, 7.90, '["Indústria Local", "Varejo Atacadista", "Last Mile", "Hamburgueria de Bairro"]', '{"cesta": false, "reducao": true, "ncm": "2005.20.00"}', false, true, 'Carolina Prado', 'carolina@emporiofesta.com.br', '(21) 2605-7711'),
    ('069ffb5f-c1d1-5fe8-8a66-b7d00fe0e4bf', '07e30f90-af5a-5e83-bd12-226366c57ee4', 'ef442cdf-4677-5816-ab91-7863c611e107', 'Condini Indústria de Molhos', '15.228.900/0001-05', 'industria', 'normal', 'SP', '3526902', 'feb1fceb-a842-5be2-94a1-9fbbc260ac9e', 'Maionese Profissional 3kg (balde)', 'kg', 45.00, 4, 30, 11.50, 5.20, 2.50, 0.00, 9.60, '["Refino de Óleos", "Mistura Industrial", "Distribuidor Food Service", "Rede de Lanches"]', '{"cesta": false, "reducao": false, "ncm": "2103.90.21"}', false, true, 'Viviane Ramos', 'viviane@condini.com.br', '(11) 4789-3200'),
    ('889e47e2-7661-5366-998c-2538958179d6', '07e30f90-af5a-5e83-bd12-226366c57ee4', 'b747de16-f96c-5708-953d-abc502bacdaf', 'FoodService BR Distribuição', '18.775.604/0001-41', 'distribuidor', 'presumido', 'MG', '3132404', 'feb1fceb-a842-5be2-94a1-9fbbc260ac9e', 'Maionese Profissional 3kg (balde)', 'kg', 36.00, 5, 21, 12.30, 4.90, 2.30, 0.00, 13.70, '["Indústria Nacional", "Centro de Distribuição", "Atacado Food Service", "Hamburguerias"]', '{"cesta": false, "reducao": false, "ncm": "2103.90.21"}', false, true, 'Nelson Diniz', 'nelson@foodservicebr.com', '(31) 3689-6500'),
    ('6e1f56f8-7f21-50f0-8f52-36cc956d5882', '07e30f90-af5a-5e83-bd12-226366c57ee4', 'ba2ab29c-15e6-5742-bfbd-8dc4fb8a127a', 'Atacarejo Sabor Nordeste', '29.677.880/0001-54', 'atacado', 'simples', 'PE', '2611606', 'feb1fceb-a842-5be2-94a1-9fbbc260ac9e', 'Maionese Profissional 3kg (balde)', 'kg', 40.00, 6, 14, 11.10, 3.40, 1.20, 0.00, 16.40, '["Indústria Parcialmente Terceirizada", "Distribuidor Regional", "Atacarejo", "Rede Popular"]', '{"cesta": false, "reducao": true, "ncm": "2103.90.21"}', false, true, 'Ítalo Moura', 'italo@atacarejosabor.com.br', '(81) 4042-7788'),
    ('493d4117-ecbb-56ec-9fb5-1a5ede68fde8', '07e30f90-af5a-5e83-bd12-226366c57ee4', '5327cae4-4913-56f5-a668-887ffb78e958', 'Molhos Legend Indústria', '00.455.712/0001-61', 'industria', 'normal', 'SP', '3505708', 'de87fa49-39a4-5e1f-812d-05d2eb8ef1d1', 'Ketchup Gourmet 1,01L', 'l', 96.00, 4, 30, 9.70, 5.00, 2.40, 0.00, 10.20, '["Processamento Industrial", "Envase", "Distribuidor Nacional", "Rede Food Service"]', '{"cesta": false, "reducao": false, "ncm": "2103.20.10"}', false, true, 'Andréia Teixeira', 'andreia@molhoslegend.com.br', '(11) 4199-4400'),
    ('7e9fee81-dd37-5fe6-a0a7-7dcc0f257bcc', '07e30f90-af5a-5e83-bd12-226366c57ee4', '1bef7d0c-dbc5-5667-8545-9f8399c5c8ed', 'Condistrib Molhos & Serviços', '04.990.337/0001-19', 'distribuidor', 'presumido', 'RS', '4314902', 'de87fa49-39a4-5e1f-812d-05d2eb8ef1d1', 'Ketchup Gourmet 1,01L', 'l', 72.00, 5, 21, 10.40, 5.40, 2.50, 0.00, 12.80, '["Indústria Parceira", "Centro de Distribuição", "Atacado Alimentar", "Hamburguerias Artesanais"]', '{"cesta": false, "reducao": false, "ncm": "2103.20.10"}', false, true, 'Felipe Moraes', 'felipe@condistrib.com.br', '(51) 3301-2200'),
    ('f5bf1352-57cf-5e4e-9299-42fc467eb590', '07e30f90-af5a-5e83-bd12-226366c57ee4', '60e85d43-a4e2-5b2a-a734-4c049d08dd1d', 'Varejão Norte Express', '09.450.882/0001-91', 'varejo', 'simples', 'AM', '1302603', 'de87fa49-39a4-5e1f-812d-05d2eb8ef1d1', 'Ketchup Gourmet 1,01L', 'l', 60.00, 6, 14, 9.20, 3.20, 1.30, 0.00, 22.40, '["Importador", "Centro de Distribuição", "Varejo Atacadista", "Hamburguerias Regionais"]', '{"cesta": false, "reducao": true, "ncm": "2103.20.10"}', false, true, 'Maicon Almeida', 'maicon@varejaonorte.com', '(92) 3311-7755'),
    ('3e9f60a3-fe26-5eef-8866-456401d6f5b8', '07e30f90-af5a-5e83-bd12-226366c57ee4', '147ff690-96be-51ce-bb18-fa7973a9a49c', 'Mostardas Real Indústria', '08.234.655/0001-88', 'industria', 'normal', 'RJ', '3303500', '78b650e9-9a4a-5474-9d36-64829f0dbeff', 'Mostarda Amarela 1,01L', 'l', 80.00, 4, 30, 8.60, 4.70, 2.20, 0.00, 9.90, '["Processamento Industrial", "Envase", "Distribuição Nacional", "Rede Food Service"]', '{"cesta": false, "reducao": false, "ncm": "2103.30.10"}', false, true, 'Rodrigo Sales', 'rodrigo@mostardasreal.com.br', '(21) 3755-4400'),
    ('b106958e-9017-5945-94db-a84761ccd4aa', '07e30f90-af5a-5e83-bd12-226366c57ee4', 'fc1449d7-6344-56f4-be94-f486c642f9a3', 'Gourmet Condimentos Distribuidora', '19.887.301/0001-46', 'distribuidor', 'presumido', 'RS', '4320008', '78b650e9-9a4a-5474-9d36-64829f0dbeff', 'Mostarda Amarela 1,01L', 'l', 70.00, 5, 21, 9.10, 4.90, 2.40, 0.00, 12.30, '["Indústria Parceira", "Centro de Distribuição", "Atacado Alimentar", "Rede Gourmet"]', '{"cesta": false, "reducao": false, "ncm": "2103.30.10"}', false, true, 'Silmara Dutra', 'silmara@gourmetcondimentos.com', '(55) 3027-1199'),
    ('d1549b30-aa22-5d71-a5df-6fb2ff0ef085', '07e30f90-af5a-5e83-bd12-226366c57ee4', 'eb862e28-5795-5d98-80ca-1df9dbfde483', 'Varejão Centro Oeste', '13.411.778/0001-23', 'varejo', 'simples', 'SP', '3503208', '78b650e9-9a4a-5474-9d36-64829f0dbeff', 'Mostarda Amarela 1,01L', 'l', 55.00, 3, 14, 8.20, 3.10, 1.20, 0.00, 8.60, '["Importador", "Atacado Regional", "Varejo Híbrido", "Hamburguerias Independentes"]', '{"cesta": false, "reducao": true, "ncm": "2103.30.10"}', false, true, 'Bruna Watanabe', 'bruna@varejaocentro.com.br', '(18) 3621-7070'),
    ('cca58bbe-edeb-5a62-9bdc-60fdb981d8c4', '07e30f90-af5a-5e83-bd12-226366c57ee4', 'd08e2911-64c6-530a-9c81-d07da8cddfa1', 'Bebidas Top Brasil', '02.330.900/0001-31', 'industria', 'normal', 'SP', '3529401', 'f74c2c2b-4e51-5614-83da-05bfccdd7aab', 'Refrigerante Cola 2L', 'l', 200.00, 4, 28, 3.95, 7.10, 3.90, 8.00, 12.40, '["Produção de Xaropes", "Envase", "Distribuição Nacional", "Rede Food Service"]', '{"cesta": false, "reducao": false, "ncm": "2202.10.00"}', true, true, 'Marcelo Azevedo', 'marcelo@bebidastop.com.br', '(19) 3704-8899'),
    ('ff1b4746-df54-515f-bf18-1cc60805b51f', '07e30f90-af5a-5e83-bd12-226366c57ee4', 'a48cab57-bbf2-5a5f-a3f2-879a9132545f', 'SuperRefri Distribuidora', '06.880.733/0001-47', 'distribuidor', 'presumido', 'DF', '5300108', 'f74c2c2b-4e51-5614-83da-05bfccdd7aab', 'Refrigerante Cola 2L', 'l', 160.00, 5, 21, 4.40, 6.90, 3.70, 8.50, 18.10, '["Indústria Parceira", "Centro de Distribuição", "Atacado Bebidas", "Food Service"]', '{"cesta": false, "reducao": false, "ncm": "2202.10.00"}', true, true, 'Patrícia Borges', 'patricia@superrefri.com.br', '(61) 3550-2290'),
    ('e66d0015-5e35-5bde-bc96-1601a2bf8b0a', '07e30f90-af5a-5e83-bd12-226366c57ee4', '5718627f-743d-5785-93ff-c207401f1055', 'Atacarejo Pop Bebidas', '21.440.980/0001-70', 'atacado', 'simples', 'BA', '2927408', 'f74c2c2b-4e51-5614-83da-05bfccdd7aab', 'Refrigerante Cola 2L', 'l', 220.00, 6, 14, 3.70, 5.60, 2.90, 7.50, 22.60, '["Engarrafadora", "Atacado Regional", "Transporte Rodoviário", "Rede Popular"]', '{"cesta": false, "reducao": true, "ncm": "2202.10.00"}', true, true, 'Renata Guimarães', 'renata@atacarejopop.com.br', '(71) 4009-6600'),
    ('8f6c0029-182b-525a-9e73-72084e07d314', '07e30f90-af5a-5e83-bd12-226366c57ee4', '24f9f226-5822-5750-805c-4eb2cfac71bd', 'Gelato Brasil Indústria', '03.210.455/0001-02', 'industria', 'normal', 'SP', '3550308', '58cced60-361d-5f98-8ec4-6be0c4f63fe0', 'Sorvete Creme Premium 1,5L', 'l', 90.00, 4, 28, 12.60, 5.80, 2.70, 4.50, 15.60, '["Produção Láctea", "Mistura e Congelamento", "Distribuição Frigorificada", "Rede Food Service"]', '{"cesta": false, "reducao": false, "ncm": "2105.00.10"}', true, true, 'Helder Fonseca', 'helder@gelatobrasil.com.br', '(11) 3222-9900'),
    ('d0b2700e-0449-56b6-942c-cc663fd3144d', '07e30f90-af5a-5e83-bd12-226366c57ee4', 'f781a8b0-c8ff-5a4a-9e8f-583deb24f9c5', 'FriosNorte Distribuições', '09.688.410/0001-69', 'distribuidor', 'presumido', 'CE', '2304400', '58cced60-361d-5f98-8ec4-6be0c4f63fe0', 'Sorvete Creme Premium 1,5L', 'l', 70.00, 6, 21, 13.10, 5.40, 2.40, 5.00, 19.80, '["Indústria Parceira", "Armazenagem Frigorificada", "Distribuidor Nordeste", "Sorveterias e Lanchonetes"]', '{"cesta": false, "reducao": false, "ncm": "2105.00.10"}', true, true, 'Larissa Campos', 'larissa@friosnorte.com.br', '(85) 3233-7700'),
    ('dcdb4a5f-1528-5b34-8225-0908eacf3d4f', '07e30f90-af5a-5e83-bd12-226366c57ee4', '16a637c6-58e4-5827-8125-50dddc9eddfe', 'Atacado Nevado Frio & Logística', '12.440.003/0001-10', 'atacado', 'simples', 'PR', '4106902', '58cced60-361d-5f98-8ec4-6be0c4f63fe0', 'Sorvete Creme Premium 1,5L', 'l', 75.00, 5, 14, 11.90, 4.20, 1.90, 3.80, 17.20, '["Cooperativa Láctea", "Planta de Produção", "Atacado Frigorificado", "Rede Popular"]', '{"cesta": false, "reducao": true, "ncm": "2105.00.10"}', true, true, 'Sandro Klos', 'sandro@atacadonedevado.com.br', '(41) 3770-1122');
